{"cameraMode":{"drawMode":0,"name":"Shaded","section":"Shading Mode"},"sceneLighting":false,"audioPlay":false,"sceneViewState":{"showFog":true,"showMaterialUpdate":false,"showSkybox":true,"showFlares":true,"showImageEffects":true,"showParticleSystems":true},"in2DMode":false,"pivot":{"x":-22.67999839782715,"y":-11.800000190734864,"z":-42.65156936645508},"rotation":{"x":-0.10706955939531326,"y":0.39051786065101626,"z":-0.045785948634147647,"w":-0.9132007956504822},"size":2.8578836917877199,"orthographic":false}