{"cameraMode":{"drawMode":0,"name":"Shaded","section":"Shading Mode"},"sceneLighting":false,"audioPlay":false,"sceneViewState":{"showFog":true,"showMaterialUpdate":false,"showSkybox":true,"showFlares":true,"showImageEffects":true,"showParticleSystems":true},"in2DMode":false,"pivot":{"x":1.638113021850586,"y":7.3712921142578129,"z":0.684112548828125},"rotation":{"x":-0.28532928228378298,"y":0.21667279303073884,"z":-0.06638630479574204,"w":-0.9312534332275391},"size":31.220672607421876,"orthographic":false}